fileName, Precision, Recall, F-Measure
1.txt, 0.2222222222222222, 0.3333333333333333, 0.26666666666666666
10.txt, 0.5, 0.35714285714285715, 0.4166666666666667
100.txt, 0.1, 0.14285714285714285, 0.11764705882352941
102.txt, 0.2222222222222222, 0.5, 0.3076923076923077
103.txt, 0.1, 0.2, 0.13333333333333333
104.txt, 0, 0, 0
105.txt, 0.4, 0.5, 0.4444444444444444
106.txt, 0.2, 0.25, 0.2222222222222222
107.txt, 0.3, 0.375, 0.3333333333333333
108.txt, 0.1, 0.125, 0.1111111111111111
109.txt, 0.2, 0.4, 0.26666666666666666
11.txt, 0.2222222222222222, 0.14285714285714285, 0.17391304347826086
110.txt, 0.1111111111111111, 0.14285714285714285, 0.125
111.txt, 0.09090909090909091, 0.2, 0.125
112.txt, 0.2222222222222222, 0.25, 0.23529411764705882
113.txt, 0.2, 0.2857142857142857, 0.23529411764705882
114.txt, 0.1, 0.1, 0.1
115.txt, 0.25, 0.2, 0.2222222222222222
116.txt, 0.2, 0.2222222222222222, 0.21052631578947367
117.txt, 0.1, 0.1111111111111111, 0.10526315789473684
118.txt, 0.2, 0.4, 0.26666666666666666
119.txt, 0.18181818181818182, 0.25, 0.21052631578947367
12.txt, 0.1, 0.125, 0.1111111111111111
120.txt, 0.1, 0.16666666666666666, 0.125
121.txt, 0.3, 0.42857142857142855, 0.3529411764705882
122.txt, 0.2, 0.2857142857142857, 0.23529411764705882
123.txt, 0.18181818181818182, 0.16666666666666666, 0.17391304347826086
124.txt, 0.3, 0.42857142857142855, 0.3529411764705882
125.txt, 0.1, 0.25, 0.14285714285714285
126.txt, 0.4, 0.3076923076923077, 0.34782608695652173
127.txt, 0.2, 0.15384615384615385, 0.17391304347826086
128.txt, 0.4, 0.4444444444444444, 0.42105263157894735
129.txt, 0.1, 0.16666666666666666, 0.125
13.txt, 0.1, 0.08333333333333333, 0.09090909090909091
131.txt, 0.2, 0.2857142857142857, 0.23529411764705882
132.txt, 0, 0, 0
133.txt, 0.4, 0.26666666666666666, 0.32
134.txt, 0.5555555555555556, 0.25, 0.3448275862068966
135.txt, 0.2727272727272727, 0.75, 0.4
136.txt, 0.1, 0.14285714285714285, 0.11764705882352941
137.txt, 0.1, 0.14285714285714285, 0.11764705882352941
138.txt, 0.2, 0.2857142857142857, 0.23529411764705882
139.txt, 0.1, 0.1111111111111111, 0.10526315789473684
14.txt, 0.4, 0.5, 0.4444444444444444
140.txt, 0.2, 0.2857142857142857, 0.23529411764705882
141.txt, 0.5, 0.5555555555555556, 0.5263157894736842
142.txt, 0.1, 0.3333333333333333, 0.15384615384615385
143.txt, 0.2222222222222222, 0.4, 0.2857142857142857
144.txt, 0.4, 0.4444444444444444, 0.42105263157894735
145.txt, 0.1, 0.125, 0.1111111111111111
